<?xml version="1.0" encoding="UTF-8"?>
<Configuration status="WARN">
    <Appenders>
        <RollingFile name="rollingFile"
                     fileName="logs/app.log"
                     filePattern="logs/app-%d{yyyy-MM-dd-hhaaa}-%i.log.gz"
                     immediateFlush="true" append="true">
            <Policies>
                <SizeBasedTriggeringPolicy size="1 MB" />
                <TimeBasedTriggeringPolicy interval="1" modulate="true" />
            </Policies>
            <DefaultRolloverStrategy max="100" />
        </RollingFile>
    </Appenders>
    <Loggers>
        <Root level="info">
            <AppenderRef ref="rollingFile"/>
        </Root>
    </Loggers>
</Configuration>

